{
  "openapi": "3.0.1",
  "info": {
    "title": "Betterware Producto Microservice Endpoints",
    "description": "Definición de los Endpoints de Producto Service para el sistema Betterware",
    "contact": {
      "name": "Enrique Mares Mendoza",
      "url": "https://www.unam.mx",
      "email": "enrique.mares@unam.mx"
    },
    "version": "v1"
  },
  "servers": [
    {
      "url": "http://localhost:8080",
      "description": "Generated server url"
    }
  ],
  "tags": [
    {
      "name": "producto",
      "description": "API del Recurso Producto"
    }
  ],
  "paths": {
    "/api/productos/actualizar/precioCatalogo/{codigo}": {
      "put": {
        "tags": [
          "producto"
        ],
        "operationId": "actualizarProductoPrecioCatalogo",
        "parameters": [
          {
            "name": "codigo",
            "in": "path",
            "required": true,
            "schema": {
              "type": "string"
            }
          }
        ],
        "requestBody": {
          "content": {
            "application/json": {
              "schema": {
                "type": "number",
                "format": "double"
              }
            }
          },
          "required": true
        },
        "responses": {
          "400": {
            "description": "Bad Request",
            "content": {
              "*/*": {
                "schema": {
                  "type": "string"
                }
              }
            }
          },
          "409": {
            "description": "Conflict",
            "content": {
              "*/*": {
                "schema": {
                  "type": "string"
                }
              }
            }
          },
          "200": {
            "description": "OK",
            "content": {
              "application/json": {
                "schema": {
                  "$ref": "#/components/schemas/Producto"
                }
              }
            }
          }
        }
      }
    },
    "/api/productos/actualizar/descricion/{codigo}": {
      "put": {
        "tags": [
          "producto"
        ],
        "operationId": "actualizarProductoDescripcion",
        "parameters": [
          {
            "name": "codigo",
            "in": "path",
            "required": true,
            "schema": {
              "type": "string"
            }
          }
        ],
        "requestBody": {
          "content": {
            "application/json": {
              "schema": {
                "type": "string"
              }
            }
          },
          "required": true
        },
        "responses": {
          "400": {
            "description": "Bad Request",
            "content": {
              "*/*": {
                "schema": {
                  "type": "string"
                }
              }
            }
          },
          "409": {
            "description": "Conflict",
            "content": {
              "*/*": {
                "schema": {
                  "type": "string"
                }
              }
            }
          },
          "200": {
            "description": "OK",
            "content": {
              "application/json": {
                "schema": {
                  "$ref": "#/components/schemas/Producto"
                }
              }
            }
          }
        }
      }
    },
    "/api/productos/actualizar/caracteristica/{codigo}": {
      "put": {
        "tags": [
          "producto"
        ],
        "operationId": "actualizarProductoCaracteristicas",
        "parameters": [
          {
            "name": "codigo",
            "in": "path",
            "required": true,
            "schema": {
              "type": "string"
            }
          }
        ],
        "requestBody": {
          "content": {
            "application/json": {
              "schema": {
                "type": "string"
              }
            }
          },
          "required": true
        },
        "responses": {
          "400": {
            "description": "Bad Request",
            "content": {
              "*/*": {
                "schema": {
                  "type": "string"
                }
              }
            }
          },
          "409": {
            "description": "Conflict",
            "content": {
              "*/*": {
                "schema": {
                  "type": "string"
                }
              }
            }
          },
          "200": {
            "description": "OK",
            "content": {
              "application/json": {
                "schema": {
                  "$ref": "#/components/schemas/Producto"
                }
              }
            }
          }
        }
      }
    },
    "/api/productos/actualizar/cantidad/{codigo}": {
      "put": {
        "tags": [
          "producto"
        ],
        "operationId": "actualizarProductoCantidad",
        "parameters": [
          {
            "name": "codigo",
            "in": "path",
            "required": true,
            "schema": {
              "type": "string"
            }
          }
        ],
        "requestBody": {
          "content": {
            "application/json": {
              "schema": {
                "type": "integer",
                "format": "int32"
              }
            }
          },
          "required": true
        },
        "responses": {
          "400": {
            "description": "Bad Request",
            "content": {
              "*/*": {
                "schema": {
                  "type": "string"
                }
              }
            }
          },
          "409": {
            "description": "Conflict",
            "content": {
              "*/*": {
                "schema": {
                  "type": "string"
                }
              }
            }
          },
          "200": {
            "description": "OK",
            "content": {
              "application/json": {
                "schema": {
                  "$ref": "#/components/schemas/Producto"
                }
              }
            }
          }
        }
      }
    },
    "/api/productos/registro": {
      "post": {
        "tags": [
          "producto"
        ],
        "summary": "Registrar Producto",
        "operationId": "registrarProducto",
        "requestBody": {
          "content": {
            "application/json": {
              "schema": {
                "$ref": "#/components/schemas/RegistroProductoRequest"
              }
            }
          },
          "required": true
        },
        "responses": {
          "400": {
            "description": "Bad Request",
            "content": {
              "*/*": {
                "schema": {
                  "type": "string"
                }
              }
            }
          },
          "409": {
            "description": "Ya existe un producto con el codigo especificado",
            "content": {

            }
          },
          "201": {
            "description": "Producto Creado Exitosamente",
            "content": {
              "application/json": {
                "schema": {
                  "$ref": "#/components/schemas/Producto"
                }
              }
            }
          }
        }
      }
    },
    "/api/productos": {
      "get": {
        "tags": [
          "producto"
        ],
        "operationId": "obtenerTodos",
        "responses": {
          "400": {
            "description": "Bad Request",
            "content": {
              "*/*": {
                "schema": {
                  "type": "string"
                }
              }
            }
          },
          "409": {
            "description": "Conflict",
            "content": {
              "*/*": {
                "schema": {
                  "type": "string"
                }
              }
            }
          },
          "200": {
            "description": "OK",
            "content": {
              "application/json": {
                "schema": {
                  "type": "array",
                  "items": {
                    "$ref": "#/components/schemas/Producto"
                  }
                }
              }
            }
          }
        }
      }
    },
    "/api/productos/{codigo}": {
      "get": {
        "tags": [
          "producto"
        ],
        "operationId": "obtenerPorCodigo",
        "parameters": [
          {
            "name": "codigo",
            "in": "path",
            "required": true,
            "schema": {
              "type": "string"
            }
          }
        ],
        "responses": {
          "400": {
            "description": "Bad Request",
            "content": {
              "*/*": {
                "schema": {
                  "type": "string"
                }
              }
            }
          },
          "409": {
            "description": "Conflict",
            "content": {
              "*/*": {
                "schema": {
                  "type": "string"
                }
              }
            }
          },
          "200": {
            "description": "OK",
            "content": {
              "application/json": {
                "schema": {
                  "$ref": "#/components/schemas/Producto"
                }
              }
            }
          }
        }
      },
      "delete": {
        "tags": [
          "producto"
        ],
        "operationId": "eliminar",
        "parameters": [
          {
            "name": "codigo",
            "in": "path",
            "required": true,
            "schema": {
              "type": "string"
            }
          }
        ],
        "responses": {
          "400": {
            "description": "Bad Request",
            "content": {
              "*/*": {
                "schema": {
                  "type": "string"
                }
              }
            }
          },
          "409": {
            "description": "Conflict",
            "content": {
              "*/*": {
                "schema": {
                  "type": "string"
                }
              }
            }
          },
          "204": {
            "description": "No Content"
          }
        }
      }
    }
  },
  "components": {
    "schemas": {
      "Producto": {
        "required": [
          "codigo"
        ],
        "type": "object",
        "properties": {
          "id": {
            "type": "string"
          },
          "codigo": {
            "type": "string"
          },
          "codigoCorto": {
            "type": "string"
          },
          "descripcion": {
            "type": "string"
          },
          "cantidad": {
            "type": "integer",
            "format": "int32"
          },
          "precioCatalogo": {
            "type": "number",
            "format": "double"
          },
          "precioAsociado": {
            "type": "number",
            "format": "double"
          },
          "caracteristicas": {
            "type": "string"
          }
        }
      },
      "RegistroProductoRequest": {
        "required": [
          "producto"
        ],
        "type": "object",
        "properties": {
          "producto": {
            "$ref": "#/components/schemas/Producto"
          }
        }
      }
    }
  }
}